Song_name,Singer,Language,genre
Poomala,K J Yesudas,Telugu,Classical
Jimmy Jimmy Jimmy Aaja,Parvati Khan,Hindi,Folk
Jagave Ondu Ranaranga,Dr. Rajkumar,Kannada,Romantic
Nee Mudida Malliga,P. Susheela|P.B. Sreenivas,Kannada,Hindi
Jayathe Jayathe,Ambar Kumar|Manna Dey|Krishna Kalle,Kannada,Kannada
Krushivunte,S. P. Balasubrahmanyam,Telugu,Telugu
Kuchh To Log Kahenge,Kishore Kumar,Hindi,Devotional
My Name Is Lakhan,Mohammad Aziz|Anuradha Paudwal,Hindi,Melody
Aaseya Bhava Female,S. Janaki,Kannada,Happy
Naanu Neenu Ondada,S. Janaki|S. P. Balasubrahmanyam,Kannada,Dance
Abbanee Pattentha,S. P. Balasubrahmanyam|K. S. Chithra,Telugu,Trance
Naane Rajakumara,P.B. Sreenivas,Kannada,Bhajan
Notadage Nageya Meeti,S. P. Balasubrahmanyam,Kannada,Regional
Nee Bandu Ninthaaga,P.B. Sreenivas|P. Susheela,Kannada,Patriotic
Sajan Sajan Teri Dulhan,Alka Yagnik,Hindi,Sad
Janma Janmada,P.B. Sreenivas,Kannada,Inspirational
Ninna Nanna,Dr. Rajkumar,Kannada,Classical
Chakravarthi,S. P. Balasubrahmanyam|S.P.Sailaja,Telugu,Folk
Sheesha Ho Ya Dil Ho,Lata Mangeshkar,Hindi,Romantic
Justuju Jiski Thi,Asha Bhosle,Hindi,Hindi
Tum Itna Jo Muskura Rahe Ho,Jagjit Singh,Hindi,Kannada
Malli Malli,S. P. Balasubrahmanyam|S. Janaki,Telugu,Telugu
Kaalavannu Thadeyoru Yaaru,S. Janaki|K J Yesudas,Kannada,Devotional
Aha Idhenu Nade,P. Susheela,Kannada,Melody
Panna Ki Tamanna Hai,Kishore Kumar|Lata Mangeshkar,Hindi,Happy
Tere Chehre Mein Woh Jadoo Hai,Kishore Kumar,Hindi,Dance
Induvadana,S. P. Balasubrahmanyam|S. Janaki,Telugu,Trance
Kodaginolu Bedaginolu,S. P. Balasubrahmanyam,Kannada,Bhajan
Nee Guduchedirindi,S. P. Balasubrahmanyam,Telugu,Regional
Nodu Baa Nodu Baa Nammoora,S. Janaki,Kannada,Patriotic
Lambi Judaai,Reshma,Hindi,Sad
Premaledani,S. P. Balasubrahmanyam,Telugu,Inspirational
Naane Rajakumara,P.B. Sreenivas,Kannada,Classical
Ennenno Janmala Bandham,Vani Jairam|S. P. Balasubrahmanyam,Telugu,Folk
Kudiyona Ba,P.B. Sreenivas|Chorus,Kannada,Romantic
Apara Keerthi,P.B. Sreenivas,Kannada,Hindi
Kahin Door Jab Din Dhal Jaye,Mukesh,Hindi,Kannada
Sarigama,S. P. Balasubrahmanyam|K. S. Chithra,Telugu,Telugu
Nagutha Haadale Alutha Haadale,P.B. Sreenivas,Kannada,Devotional
Gange Baare Tunge Baare,S. P. Balasubrahmanyam|S. Janaki,Kannada,Melody
Kitna Pyara Wada Hai,Lata Mangeshkar|Mohammed Rafi,Hindi,Happy
Mooru Kaasina Kudure,Ramesh,Kannada,Dance
Mudhabanthi Poolupetti,Ghanatasala|P. Susheela,Telugu,Trance
Saapatu Yetu Ledhu,S. P. Balasubrahmanyam,Telugu,Bhajan
Nammooru Mysooru,S. Janaki|S. P. Balasubrahmanyam,Kannada,Regional
He Gangu Ee Biku Kalisikodu,S. P. Balasubrahmanyam|S. Janaki,Kannada,Patriotic
Ninade Nenapu Dinavu,P.B. Sreenivas,Kannada,Sad
Ajib Dastan Hai Yeh,Lata Mangeshkar,Hindi,Inspirational
Banda Banda Kindarijogi,Hamsalekha,Kannada,Classical
Madhuramaina Reyilo,Ghanatasala|P. Susheela,Telugu,Folk
Tum Aa Gaye Ho Noor Aa Gaya,Kishore Kumar|Lata Mangeshkar,Hindi,Romantic
Ravivarmana Kunchada Kale Bale,P.B. Sreenivas,Kannada,Hindi
Baare O Cheluve,S. P. Balasubrahmanyam,Kannada,Kannada
Bhoolokavella,S. P. Balasubrahmanyam,Kannada,Telugu
Khali Hath Sham Aai Hai,Asha Bhosle,Hindi,Devotional
Omkara Panjara Sukeem,P.B. Sreenivas|Madhavapeddi Satyam,Telugu,Melody
Okey Kulam Okey,S. P. Balasubrahmanyam,Telugu,Happy
Olavemba Ondu,K J Yesudas|Vani Jairam,Kannada,Dance
Naa Ninna Mareyalaare,Dr. Rajkumar|S. Janaki,Kannada,Trance
Nallanchu Tella Cheera,S. P. Balasubrahmanyam|P. Susheela,Telugu,Bhajan
Nadha Vinodhamu,S. P. Balasubrahmanyam|S. P. Sailaja,Telugu,Regional
Nalla Ennale Ninna,S. Janaki,Kannada,Patriotic
Mounamela Noyee,S. P. Balasubrahmanyam|S. Janaki,Telugu,Sad
Ilalo,S. P. Balasubrahmanyam|S. Janaki,Telugu,Inspirational
Intaha Ho Gai Intezar Ki,Asha Bhosle|Kishore Kumar,Hindi,Classical
Chinna Chinna Beda Chinna,Ramesh|Vani Jairam,Kannada,Folk
Preethine Aa Dyavaru Thanda,P.B. Sreenivas|P. Susheela,Kannada,Romantic
Iva Yaava Seeme Gandu,S. P. Balasubrahmanyam|Vani Jairam,Kannada,Hindi
Naaniruvudu Nimagaagi,Dr. Rajkumar,Kannada,Kannada
Thalli Dhandaale,S. P. Balasubrahmanyam|K. S. Chithra,Telugu,Telugu
Aaj Mausam Bada Beimaan Hai,Mohammed Rafi,Hindi,Devotional
Mangalam,P. Susheela,Telugu,Melody
Radhike Ninna Sarasa Videne,S. P. Balasubrahmanyam,Kannada,Happy
Malle Kanna Thellana,S. P. Balasubrahmanyam|P. Susheela,Telugu,Dance
Aamani,S. P. Balasubrahmanyam,Telugu,Trance
Ae Phoolon Ki Rani,Mohammed Rafi,Hindi,Bhajan
Hrudaya Mandhira,S. Janaki,Kannada,Regional
Maava Manchamekku,S. P. Balasubrahmanyam|K. S. Chithra,Telugu,Patriotic
Sirimalle Puvvaa,S. Janaki,Telugu,Sad
Unte Unte,S. P. Balasubrahmanyam,Kannada,Inspirational
Ammamma,S. Janaki,Kannada,Classical
Ondaanondu Kaaladalli,Ramesh|P. Susheela,Kannada,Folk
Swathi Chinuku,S. P. Balasubrahmanyam|S. Janaki,Telugu,Romantic
Mayor Muthanna,Dwarakish,Kannada,Hindi
Abhi Na Jao Chhod Kar,Asha Bhosle|Mohammed Rafi,Hindi,Kannada
Jingu Jingu Cheera,S. P. Balasubrahmanyam|K. S. Chithra,Telugu,Telugu
O Geleya,L.R. Eswari,Kannada,Devotional
Chilakapaccha Thotalo,S. P. Balasubrahmanyam|K. S. Chithra,Telugu,Melody
Manasu Palike,S. P. Balasubrahmanyam|S. Janaki,Telugu,Happy
Aaja Piya Tohe Pyar Doon,Lata Mangeshkar,Hindi,Dance
Hosa Baalige,S. Janaki|S. P. Balasubrahmanyam,Kannada,Trance
Keeravani,S. P. Balasubrahmanyam|S. Janaki,Telugu,Bhajan
Dharani Mandala Madhyadolage,Vidyarani|P.B. Sreenivas|B.K. Sumitra,Kannada,Regional
Dum Maro Dum,Asha Bhosle,Hindi,Patriotic
Thakita Thadhimi,S. P. Balasubrahmanyam,Telugu,Sad
Mysooru Dasara,P.B. Sreenivas,Kannada,Inspirational
Tumne Mujhe Dekha Hokar Meherban,Mohammed Rafi,Hindi,Classical
Emo Emo,Ghanatasala|S. Janaki,Telugu,Folk
Oka Brundavanam,Vani Jairam,Telugu,Romantic
Chitthi Aai Hai,Pankaj Udhas,Hindi,Hindi
Premalokadinda,K J Yesudas|S. Janaki,Kannada,Kannada
Din Dhal Jaye Haye,Mohammed Rafi,Hindi,Telugu
Malle Maale,P. Susheela|L.R. Eswari,Kannada,Devotional
Yeduru Choosina,S. P. Balasubrahmanyam|Chorus|P. Susheela,Telugu,Melody
O Priya,K. S. Chithra|S. P. Balasubrahmanyam,Telugu,Happy
Jaadisi Odi,S. P. Balasubrahmanyam,Kannada,Dance
Padalenu,S. Janaki,Telugu,Trance
Joke Nannu Balliya Minchu,L.R. Eswari,Kannada,Bhajan
Aap Ki Nazron Ne Samjha,Lata Mangeshkar,Hindi,Regional
Karnatakada Itihaasadali,S. P. Balasubrahmanyam,Kannada,Patriotic
Eppudu Eppudu,S. P. Balasubrahmanyam|K. S. Chithra,Telugu,Sad
Olumeya Hoove,P.B. Sreenivas,Kannada,Inspirational
Prema Yatralaku,Ghanatasala|P. Susheela,Telugu,Classical
Vasantha Baredanu,Vani Jairam|S. P. Balasubrahmanyam,Kannada,Folk
Gowri Manohariya Kande,S. P. Balasubrahmanyam|Vani Jairam,Kannada,Romantic
Abba Dheeni,S. P. Balasubrahmanyam|K. S. Chithra,Telugu,Hindi
Achha To Hum Chalte Hain,Kishore Kumar|Lata Mangeshkar,Hindi,Kannada
So Gaya Yeh Jahan,Nitin Mukesh|Shabbir Kumar|Alka Yagnik,Hindi,Telugu
Nee Bandu Ninthaaga,P.B. Sreenivas|P. Susheela,Kannada,Devotional
Lagi Aaj Sawan Ki,Anupama Deshpande|Suresh Wadkar,Hindi,Melody
Aagalampe Oogalampe,S. P. Balasubrahmanyam|S. Janaki,Kannada,Happy
Chura Liya Hai Tumne Jo Dil Ko,Mohammed Rafi|Asha Bhosle,Hindi,Dance
Kanna Notadalli,P. Susheela,Kannada,Trance
Aadisinodu Beelisinodu,P.B. Sreenivas,Kannada,Bhajan
Right Here Right Now,Abhishek Bachchan|Sunidhi Chauhan,Hindi,Regional
Jawani Jan-E-Man,Asha Bhosle,Hindi,Patriotic
Ondanondu Kaladhalli,Kavita Krishnamurthy,Kannada,Sad
Haallai Mindavalo,M. Balamuralikrishna,Kannada,Inspirational
Preathi Premagale,S. Janaki|K J Yesudas,Kannada,Classical
Jagodhoddharana Adisidale,Dr. Rajkumar,Kannada,Folk
Vanajallu Gillutunte,S. P. Balasubrahmanyam|S. Janaki,Telugu,Romantic
Yeke Avarasavu Helu,S. Janaki,Kannada,Hindi
If You Come Today,Dr. Rajkumar,Kannada,Kannada
Baani Gondu Elle,Dr. Rajkumar,Kannada,Telugu
Maanava Naaguveya,Dr. Rajkumar,Kannada,Devotional
Botany,S. P. Balasubrahmanyam|S. P. Sailaja,Telugu,Melody
Kanneradu Nanage,S. Janaki|P.B. Sreenivas,Kannada,Happy
Cheera Kattindhi,S. P. Balasubrahmanyam|P. Susheela,Telugu,Dance
Kodagina Kaaveri,P.B. Sreenivas|P. Susheela,Kannada,Trance
Yeh Mera Dil Yaar Ka Diwana,Asha Bhosle,Hindi,Bhajan
Nee Nadeva,P Suhseela,Kannada,Regional
Muttina Hanigalu,S. Janaki|S. P. Balasubrahmanyam,Kannada,Patriotic
Yenyeno Aasae,Vani Jairam|Dr. Rajkumar,Kannada,Sad
Doniyolage Neenu,P. Susheela,Kannada,Inspirational
Ayyayyayyo Hallimukka,L.R. Eswari,Kannada,Classical
Naa Meedha,S. Janaki,Telugu,Folk
Love Me Or Hate Me,Dr. Rajkumar,Kannada,Romantic
Komma Kommako,S. P. Balasubrahmanyam|P. Susheela,Telugu,Hindi
Chukkalanti (Happy),S. P. Balasubrahmanyam|S. Janaki,Telugu,Kannada
Jivvumani Kondagali,Mano|S. Janaki,Telugu,Telugu
Atu Amalapuram,S. Janaki,Telugu,Devotional
Ko Ko Kokila Rave,S. P. Balasubrahmanyam|S. Janaki,Telugu,Melody
Taarif Karoon Kya Uski,Mohammed Rafi,Hindi,Happy
Giliga Gili,S. P. Balasubrahmanyam|S. Janaki,Telugu,Dance
Mere Naina Sawan Bhadon,Kishore Kumar,Hindi,Trance
Bhale Bhale Mogaadivoy,L.R. Eswari|S. P. Balasubrahmanyam,Telugu,Bhajan
Piya Tu Ab To Aaja,Asha Bhosle|R. D. Burman,Hindi,Regional
Ham Bane Tum Bane,Lata Mangeshkar|S. P. Balasubrahmanyam,Hindi,Patriotic
Nodamma Hudugi,S. P. Balasubrahmanyam|Latha Hamsalekha,Kannada,Sad
Emauthundhi,S. P. Balasubrahmanyam|S. Janaki,Telugu,Inspirational
Aap Ke Aa Jane Se,Mohammad Aziz|Sadhana Sargam,Hindi,Classical
Dream Girl,Kishore Kumar,Hindi,Folk
Jab Chhaye Mera Jadoo,Asha Bhosle,Hindi,Romantic
Porapatidhi,S. P. Balasubrahmanyam|S. Janaki|Rajendra Prasad,Telugu,Hindi
Akele Hain To Kya Gam Hai,Udit Narayan|Alka Yagnik,Hindi,Kannada
Awaara Bhanwara,Hema Sardesai|Malaysia Vasudevan,Hindi,Telugu
Nenoka Chilakala,S. P. Balasubrahmanyam,Telugu,Devotional
Haavige Mugusiyunta,P.B. Sreenivas|L.R. Eswari,Kannada,Melody
Ye Theega Poovuno,S. P. Balasubrahmanyam,Telugu,Happy
Baaramma - Bit,Chorus,Kannada,Dance
Zindagi Pyar Ka Geet Hai - Kishore Kumar,Kishore Kumar,Hindi,Trance
Ee Dinamaja Kandenu Nija,P.B. Sreenivas,Kannada,Bhajan
Na Bidalare Endhoo Ninna,Dr. Rajkumar|Vani Jairam,Kannada,Regional
O Mere Dil Ke Chain,Kishore Kumar,Hindi,Patriotic
Maamilla Thopukaada,S. P. Balasubrahmanyam|P. Susheela,Telugu,Sad
O Gelathi,S. P. Balasubrahmanyam|Vani Jairam,Kannada,Inspirational
Oke Mata Oke Pata,S. P. Balasubrahmanyam,Telugu,Classical
Sandya Ragapu,S. P. Balasubrahmanyam|S. Janaki,Telugu,Folk
Mere Rang Mein Rangne Wali,S. P. Balasubrahmanyam,Hindi,Romantic
Tujh Sang Preet,Kishore Kumar|Lata Mangeshkar,Hindi,Hindi
Na Jane Kya Hua,Lata Mangeshkar,Hindi,Kannada
Nooraroorugalalli,S. P. Balasubrahmanyam|Vani Jairam,Kannada,Telugu
Nee Letha Gulabi,Ghanatasala,Telugu,Devotional
Doni Saagali,Ramachandran|S. Janaki,Kannada,Melody
Siggoo Poobanthi,S. P. Balasubrahmanyam|S. Janaki|S. P. Sailaja,Telugu,Happy
Aaresukopoyi,P. Susheela|S. P. Balasubrahmanyam,Telugu,Dance
Mere Mehboob Tujhe Meri Muhabbat,Mohammed Rafi,Hindi,Trance
Aase Heluvaase,S. Janaki|Dr. Rajkumar|P. Susheela,Kannada,Bhajan
Mohabbat Hai Kya Cheez,Lata Mangeshkar|Suresh Wadkar,Hindi,Regional
Kinnerasani Vachindamma,S. P. Balasubrahmanyam|S. P. Sailaja,Telugu,Patriotic
Tere Liye Palkon Ki Jhalar,Lata Mangeshkar,Hindi,Sad
Dil To Hai Dil,Lata Mangeshkar,Hindi,Inspirational
Kokoreko,L.R. Eswari|S. P. Balasubrahmanyam,Kannada,Classical
Mil Gaya Humko Saathi Mil Gaya,Kishore Kumar|Asha Bhosle,Hindi,Folk
Tune O Rangeele,Lata Mangeshkar,Hindi,Romantic
Neene Nanna,S. Janaki|S. P. Balasubrahmanyam,Kannada,Hindi
Nammaku Nammaku,S P Balasubrahamanyam,Telugu,Kannada
Mann Ki Lagan,Rahat Fateh Ali Khan,Hindi,Telugu
Ninne Ninnege,S. Janaki|S. P. Balasubrahmanyam,Kannada,Devotional
Telugu Jaathi Manadi,Ghanatasala|N.T. Rama Rao,Telugu,Melody
Thay Bara Mogava,S. Janaki,Kannada,Happy
Madikeri Sipaayi,S. P. Balasubrahmanyam|K. S. Chithra,Kannada,Dance
Priyathama,S. P. Balasubrahmanyam|K. S. Chithra,Telugu,Trance
Aate Jate Khoobsurat Awara,Kishore Kumar,Hindi,Bhajan
Cheppalani,S P Balasubrahamanyam,Telugu,Regional
Maine Tere Liye,Mukesh,Hindi,Patriotic
Besuge Besuge,Vani Jairam|S. P. Balasubrahmanyam,Kannada,Sad
Ee Naada Anda,S. P. Balasubrahmanyam,Kannada,Inspirational
Idhe Hudugi,P.B. Sreenivas|L.R. Eswari,Kannada,Classical
Aakanulal,S. P. Balasubrahmanyam|S. Janaki,Telugu,Folk
Rajadhi Raja,S. Janaki|Dr. Rajkumar,Kannada,Romantic
Phool Tumhe Bheja Hai Khat Mein,Lata Mangeshkar|Mukesh,Hindi,Hindi
Tella Cheeraku,S. P. Balasubrahmanyam|Lata Mangeshkar,Telugu,Kannada
Roj Roj Aankhon Tale,Amit Kumar|Asha Bhosle|R. D. Burman,Hindi,Telugu
Vedam Anuvanuvuna,S. P. Balasubrahmanyam|S. P. Sailaja,Telugu,Devotional
Tere Jaisa Yaar Kahan,Kishore Kumar,Hindi,Melody
Flute Music,Not Applicable,Kannada,Happy
Yaaru Neenu Endhu Nanna,Dr. Rajkumar,Kannada,Dance
Aho Rama Katha,Ghanatasala,Telugu,Trance
Bholore Shanthi,S. P. Balasubrahmanyam|B.R.Chaya,Kannada,Bhajan
Hari Sarvotthama,Bellur Sisters,Kannada,Regional
Biduvene Chinna,S. P. Balasubrahmanyam|Vani Jairam,Kannada,Patriotic
Kannu Reppe,S. Janaki|P.B. Sreenivas,Kannada,Sad
Ae Nargise Mastana,Mohammed Rafi,Hindi,Inspirational
Tere Mere Milan Ki Yeh Raina,Kishore Kumar|Lata Mangeshkar,Hindi,Classical
Maduveye Banthamma,S. Janaki|S. P. Balasubrahmanyam,Kannada,Folk
Sun Sahiba Sun,Lata Mangeshkar,Hindi,Romantic
Aise Na Mujhe,Kishore Kumar,Hindi,Hindi
Ee Nimbe Hanninantha,Ramesh,Kannada,Kannada
Muluga Bayasuve,P.B. Sreenivas,Kannada,Telugu
Cheluvina Kale,P. Susheela,Kannada,Devotional
Pyar Hamara Amar Rahega,Asha Bhosle|Mohammad Aziz,Hindi,Melody
Aakaradalli Gulabi Rangide,Latha Hamsalekha,Kannada,Happy
Mavayya Anna Pilupu,S. P. Balasubrahmanyam|P. Susheela|S. P. Sailaja,Telugu,Dance
Aaj Phir Tumpe,Pankaj Udhas|Anuradha Paudwal,Hindi,Trance
Acha Acha,S. P. Balasubrahmanyam|S. Janaki,Telugu,Bhajan
Ye Ladki Zarasi Diwani Lagti Hai,Amit Kumar|Asha Bhosle,Hindi,Regional
Tujhse Naraz Nahin Zindagi (Male),Anup Ghoshal,Hindi,Patriotic
Sole Illa Ninna Haadu (Sad),S. P. Balasubrahmanyam|S. Janaki,Kannada,Sad
Muqaddar Ka Sikandar,Kishore Kumar,Hindi,Inspirational
Phir Chiddi Raat,Lata Mangeshkar|Talat Aziz,Hindi,Classical
Samne Ye Kaun Aya,Kishore Kumar,Hindi,Folk
Geleyare Nanna Geleyare,S. P. Balasubrahmanyam,Kannada,Romantic
Godholi Haruva,P.B. Sreenivas|P. Susheela,Kannada,Hindi
Nene Nene Hero,S. P. Balasubrahmanyam,Telugu,Kannada
Kottalo Kottalamma,S. P. Balasubrahmanyam|S. Janaki,Kannada,Telugu
Yendendigu Naa Ninna Bidalare,P. Susheela,Kannada,Devotional
Ellirali,C Aswath,Kannada,Melody
Oho Basthi Dorasani,Ghanatasala|Jikki,Telugu,Happy
Aaye Tum Yaad Mujhe,Kishore Kumar,Hindi,Dance
Punnami Raathri,S. P. Balasubrahmanyam,Telugu,Trance
Pade Pade Kannulive,Ghanatasala|P. Susheela,Telugu,Bhajan
Hoovondu Beku Ballige,S. Janaki,Kannada,Regional
Prema Preeti Nannusiru,S. P. Balasubrahmanyam|K J Yesudas,Kannada,Patriotic
Telisindile Telisindile,Ghanatasala|P. Susheela,Telugu,Sad
Hey Ninagagiye,Dr. Rajkumar,Kannada,Inspirational
Tera Saath Hai Kitna Pyara,Kishore Kumar|Sapna Awasthi,Hindi,Classical
Chinna Yendhu Naguthiru,P.B. Sreenivas,Kannada,Folk
Kangalu Thumbiralu,S. Janaki,Kannada,Romantic
Ninnukori,K. S. Chithra,Telugu,Hindi
Maagiya Chaliyalli,S. Janaki|S. P. Balasubrahmanyam,Kannada,Kannada
Aaj Rapat Jaayen To,Asha Bhosle|Kishore Kumar,Hindi,Telugu
Neerabittu Nelada Mele,S. P. Balasubrahmanyam,Kannada,Devotional
Shubhashaya Maduveya,S. P. Balasubrahmanyam,Kannada,Melody
Sweety Nanna,S. P. Balasubrahmanyam|S. Janaki,Kannada,Happy
Jagada Jagada,S. P. Balasubrahmanyam,Telugu,Dance
Kokila,S. P. Balasubrahmanyam|K. S. Chithra,Telugu,Trance
Chal Kahin Door Nikal Jayen,Kishore Kumar|Lata Mangeshkar|Mohammed Rafi,Hindi,Bhajan
Alli Billi,S. P. Balasubrahmanyam|K. S. Chithra,Telugu,Regional
Repanti Roopamkanti,Ghanatasala|P. Susheela,Telugu,Patriotic
Nillu Nille,S. Janaki,Kannada,Sad
Hum Aap Ki Ankhon Mein,Geeta Dutt|Mohammed Rafi,Hindi,Inspirational
Badi Sooni Sooni Hai Zindagi,Kishore Kumar,Hindi,Classical
Kailove Chedugudu,Naveen|S.P.Charan|S. P. Balasubrahmanyam,Telugu,Folk
Tera Naam Liya,Anuradha Paudwal|Manhar Udhas,Hindi,Romantic
Jilibili Palukula,S. P. Balasubrahmanyam|S. Janaki,Telugu,Hindi
O Premi O Premi,S. P. Balasubrahmanyam,Kannada,Kannada
Muttina Hanigalu,S. P. Balasubrahmanyam|S. Janaki,Kannada,Telugu
Oorevitamma,S. P. Balasubrahmanyam|Chorus|P. Susheela,Telugu,Devotional
Suryangu Chandrangu,K.S.L. Swamy,Kannada,Melody
Yeh Kya Hua,Kishore Kumar,Hindi,Happy
Aakashave Beelali Mele,P.B. Sreenivas,Kannada,Dance
Gandu Endare Gandu,S. P. Balasubrahmanyam,Kannada,Trance
Idu Yaava Janmada,S. Janaki|P.B. Sreenivas,Kannada,Bhajan
Pukarta Chala Hoon Main,Mohammed Rafi,Hindi,Regional
Kalletigintha Ninna,S. Janaki|Dr. Rajkumar,Kannada,Patriotic
Edalo Laya,S. Janaki,Telugu,Sad
Arere Dada Petti,S. P. Balasubrahmanyam|P. Susheela,Telugu,Inspirational
Meribedavo,S. P. Balasubrahmanyam,Kannada,Classical
Sweety Nanna,S. Janaki|S. P. Balasubrahmanyam,Kannada,Folk
Aakaashave Beelali - Instrumental Tunes - Nyaayave Devaru,Paavalar Brothers,Kannada,Romantic
Ghallu Ghallu,S. P. Balasubrahmanyam|P. Susheela,Telugu,Hindi
Love Love Love Andre Prema,P.B. Sreenivas,Kannada,Kannada
Mutthe Prathama,S. P. Balasubrahmanyam|Vani Jairam,Kannada,Telugu
Sindhura Puvva,S. P. Balasubrahmanyam|K. S. Chithra,Telugu,Devotional
Naaniruvudu Nimagaagi,Dr. Rajkumar,Kannada,Melody
Santhasa Araluva Samaya,S. P. Balasubrahmanyam|Rathna Mala Prakash,Kannada,Happy
Tharikeri Yerimele,S. P. Balasubrahmanyam,Kannada,Dance
Oh Bangaru Rangulachilaka,P. Susheela|S. P. Balasubrahmanyam,Telugu,Trance
Neekosam Velisindi,Ghanatasala|P. Susheela,Telugu,Bhajan
Jallantha,K. S. Chithra,Telugu,Regional
Anandha Chenda Thumbhi,P. Susheela|P.B. Sreenivas,Kannada,Patriotic
Sayamkalam,S. P. Balasubrahmanyam|S. Janaki,Telugu,Sad
Raja Nanna Raja,Shankar Nag|Manjula Gururaj,Kannada,Inspirational
Gum Hai Kisi Ke Pyar Mein,Kishore Kumar|Lata Mangeshkar,Hindi,Classical
Dharmam,S. P. Balasubrahmanyam|S. P. Sailaja,Telugu,Folk
Hubballiyinda Haribanda,P. Susheela,Kannada,Romantic
Yee Sambhashane,S. Janaki|S. P. Balasubrahmanyam,Kannada,Hindi
Devaru Hoseda Premada Daara,Dr. Balamurali Krishna,Kannada,Kannada
Nimagirali Naadu,S. P. Balasubrahmanyam,Kannada,Telugu
O Henne Nillu Alle,S. P. Balasubrahmanyam,Kannada,Devotional
Nagu Nagutiruva Mogadali,S. P. Balasubrahmanyam,Kannada,Melody
Happy Birthday,Maya|Chorus,Telugu,Happy
Naanu Yaaru Yaava Vooru,S. P. Balasubrahmanyam,Kannada,Dance
Aye Dil E Nadan,Lata Mangeshkar,Hindi,Trance
Cheluveya Andada,S. P. Balasubrahmanyam,Kannada,Bhajan
Mujhe Teri Mohabbat Ka Sahara,Lata Mangeshkar|Mohammed Rafi,Hindi,Regional
Hakki Goodu Ondu,Ilaiyaraaja,Kannada,Patriotic
Aa Adhi Gunta,S. P. Balasubrahmanyam|K. S. Chithra,Telugu,Sad
Phir Wohi Raat Hai Khwab Ki,Kishore Kumar,Hindi,Inspirational
Naanu Yaaru Yaava Vooru,S. P. Balasubrahmanyam,Kannada,Classical
Mundhe Baani Innoo Mundhe Banni,S. P. Balasubrahmanyam,Kannada,Folk
Maanava Seva,K J Yesudas,Telugu,Romantic
O Saathi Re (Male),Kishore Kumar,Hindi,Hindi
Hodare Hogu,S. Janaki|P.B. Sreenivas,Kannada,Kannada
Tere Bina Jiya Jaye Na,Lata Mangeshkar,Hindi,Telugu
Kannada Naadina,S. P. Balasubrahmanyam,Kannada,Devotional
Kate Nahin Kat Te,Kishore Kumar|Alisha Chinai,Hindi,Melody
Yeri Mele Yeri,S. P. Balasubrahmanyam|L.R. Eswari,Kannada,Happy
Mabbullo Yemundhi,Ghanatasala|P. Susheela,Telugu,Dance
Indu Enage,S. Janaki,Kannada,Trance
Preethine Aa Dyavaru Thanda,P.B. Sreenivas|P. Susheela,Kannada,Bhajan
O Meghave Nidaanavaagi,Shivaraj Kumar|Joo Joo Anuradha,Kannada,Regional
Chingari Koi Bhadke,Kishore Kumar,Hindi,Patriotic
Muthinantha Mathondu,Dr. Rajkumar,Kannada,Sad
Muttina Hanigalu,S. P. Balasubrahmanyam|S. Janaki,Kannada,Inspirational
Virisindhi,Ghanatasala|Jikki,Telugu,Classical
Neerinalli Alaya Ungura,P. Susheela|P.B. Sreenivas,Kannada,Folk
NAAVAADUVA NUDIYE.,P.B. Sreenivas,Kannada,Romantic
Dushman Na Kare Dost Ne Wo Kaam Kiya Hai,Lata Mangeshkar|Amit Kumar,Hindi,Hindi
Om Namaha,S. P. Balasubrahmanyam|S. Janaki,Telugu,Kannada
Godave Godavamma,S. P. Balasubrahmanyam|K. S. Chithra,Telugu,Telugu
Thalli Kattuva Shubhavela,S. P. Balasubrahmanyam,Kannada,Devotional
Thallo Model Gaadi Idu,S. P. Balasubrahmanyam,Kannada,Melody
En Hudgiro Idyakingaadthiro,S. P. Balasubrahmanyam|Master Manjunath|S. Janaki,Kannada,Happy
Nagonthu Sruthilona,S. P. Balasubrahmanyam|K. S. Chithra,Telugu,Dance
Gorinta Poochindhi,P. Susheela,Telugu,Trance
Saagar Jaisi Aankhonwali,Kishore Kumar,Hindi,Bhajan
Satyam Shivam Sundaram,S. P. Balasubrahmanyam,Telugu,Regional
Diwana Leke Aaya Hai,Kishore Kumar,Hindi,Patriotic
Aakaashadindha,S. P. Balasubrahmanyam,Kannada,Sad
Ee Sogasaada Sanje,Dr. Rajkumar|Vani Jairam,Kannada,Inspirational
Ninna Kangala,Dr. Rajkumar,Kannada,Classical
Dil Ke Jharokhe Mein,Mohammed Rafi,Hindi,Folk
Dil Kya Kare,Kishore Kumar,Hindi,Romantic
Ek Din Bik Jayega Mati Ke Mol (Happy),Mukesh,Hindi,Hindi
Yeh Kahan Aa Gaye Hum,Lata Mangeshkar|Amitabh Bachchan,Hindi,Kannada
Aaseya Bhava Male,S. P. Balasubrahmanyam,Kannada,Telugu
Sarasalu,Mano|S. Janaki,Telugu,Devotional
Nagu Endhidhe,S. Janaki,Kannada,Melody
Mausam Hai Ashiqana,Lata Mangeshkar,Hindi,Happy
Gangi Ninmele Manasa,S. Janaki|P.B. Sreenivas,Kannada,Dance
Baanige Neeliya,P.B. Sreenivas|P. Susheela,Kannada,Trance
Tu Kahan Ye Bata,Mohammed Rafi,Hindi,Bhajan
Pag Ghunghroo Baandh,Kishore Kumar,Hindi,Regional
Bade Achhe Lagte Hain,Amit Kumar,Hindi,Patriotic
Jhuki Jhuki Si Nazar,Jagjit Singh,Hindi,Sad
Cheluveya Andada,S. P. Balasubrahmanyam,Kannada,Inspirational
Sande Poddu Megham,S. P. Balasubrahmanyam|P. Susheela,Telugu,Classical
De De Pyar De (Male),Kishore Kumar,Hindi,Folk
Chinuku Chinuku,S. P. Balasubrahmanyam,Telugu,Romantic
Jigi Jigi,S. P. Balasubrahmanyam|K. S. Chithra,Telugu,Hindi
Ninna Nudiyu,Dr. Rajkumar,Kannada,Kannada
Raja Cheyyaveste,S. P. Balasubrahmanyam,Telugu,Telugu
Nee Illu Bangaram Gaanu,S. Janaki|S. P. Balasubrahmanyam,Telugu,Devotional
Anandha Chenda,P. Susheela,Kannada,Melody
Cheluveya Nota Chenna,Dr. Rajkumar,Kannada,Happy
Naa Helalaare,Dr. Rajkumar,Kannada,Dance
Karedaru Kelade,S. Janaki,Kannada,Trance
Kangalu Vandane,S. Janaki|S. P. Balasubrahmanyam,Kannada,Bhajan
Hum Dono Do Premi,Kishore Kumar|Lata Mangeshkar,Hindi,Regional
Likha Hai Teri Ankhon Mein,Kishore Kumar|Lata Mangeshkar,Hindi,Patriotic
Ae Mere Humsafar,Udit Narayan|Alka Yagnik,Hindi,Sad
Vana Megham,K. S. Chithra,Telugu,Inspirational
Khullam Khulla Pyar Karenge,Asha Bhosle|Kishore Kumar,Hindi,Classical
Hrudaya Rangoli,S. P. Sailaja,Kannada,Folk
Naavindu Haado Haadige,S. P. Balasubrahmanyam|S. Janaki,Kannada,Romantic
Bhakthi Bhaava,S. Janaki,Kannada,Hindi
Jeevana Kaalada,S. P. Balasubrahmanyam,Kannada,Kannada
Prema Entha,S. P. Balasubrahmanyam,Telugu,Telugu
Tum Agar Saath Dene Ka Vada Karo,Mahendra Kapoor,Hindi,Devotional
Ninna Savine Nape,S. Janaki,Kannada,Melody
Idu Yaava Janmada,Aheswari,Kannada,Happy
Boy Friend Barthaanantha,S. Janaki,Kannada,Dance
Dil Deewana,Lata Mangeshkar,Hindi,Trance
Yelle Iru,P. Susheela,Kannada,Bhajan
Ab Ke Sajan Sawan Mein,Lata Mangeshkar,Hindi,Regional
Raaga Anuraaga,S. Janaki|Dr. Rajkumar,Kannada,Patriotic
Yaaru Thiliyaru Ninna,Dr. Rajkumar|P.B. Sreenivas,Kannada,Sad
Kannadada Makkalella,G. K. Venkatesh,Kannada,Inspirational
Koodi Balona,S. Janaki|Dr. Rajkumar|S. P. Balasubrahmanyam|Chorus,Kannada,Classical
Are Diwano Mujhe Pehchano,Kishore Kumar,Hindi,Folk
Jane Kahan Gaye Woh Din,Mukesh,Hindi,Romantic
Muddina Gini,S. P. Balasubrahmanyam|S. Janaki,Kannada,Hindi
Idhu Yaaru Bareda Katheya,Dr. Rajkumar,Kannada,Kannada
Dekho Maine Dekha Hai Ek Sapna,Amit Kumar|Lata Mangeshkar,Hindi,Telugu
Entha Sogasuga,Ghanatasala|P. Susheela,Telugu,Devotional
Aha Mogavu Entha Cheluvu,P.B. Sreenivas,Kannada,Melody
Maneyanu Belagidhe,S. Janaki|S. P. Balasubrahmanyam,Kannada,Happy
Kuladalli Keelyavudho,Ghanatasala,Kannada,Dance
Ab Tere Dil Mein To,Alka Yagnik|Kumar Sanu,Hindi,Trance
Yeno Maadalu Hogi,S. P. Balasubrahmanyam,Kannada,Bhajan
Guvva Gorinka Tho,S. P. Balasubrahmanyam|S. Janaki,Telugu,Regional
Aanewala Pal Janewala Hai,Kishore Kumar,Hindi,Patriotic
Madayya Bandeya,L.R. Eswari,Kannada,Sad
Jo Wada Kiya Woh Nibhana Padega (Sad),Lata Mangeshkar|Mohammed Rafi,Hindi,Inspirational
Ellelli Nodali,S. Janaki|Dr. Rajkumar,Kannada,Classical
Zindagi Ka Safar,Kishore Kumar,Hindi,Folk
Preethine Aa Dyavaru Thanda,P.B. Sreenivas|P. Susheela,Kannada,Romantic
Maa Kanti,P. Susheela,Telugu,Hindi
Endendu Ninnanu Maretu,Vani Jairam|P.B. Sreenivas,Kannada,Kannada
Tere Khushboo Mein Base Khat,Jagjit Singh,Hindi,Telugu
Kannalli Kanna Ittu,P.B. Sreenivas|S. P. Balasubrahmanyam,Kannada,Devotional
Dil Ka Bhanwar Kare Pukar,Mohammed Rafi,Hindi,Melody
Piya Bina Piya Bina,Lata Mangeshkar,Hindi,Happy
Ninna Roopu Edeya,S. Janaki,Kannada,Dance
Alli Illi Noduve,S. Janaki|Dr. Rajkumar,Kannada,Trance
Nenu Prema Pujari,S. P. Balasubrahmanyam|P. Susheela,Telugu,Bhajan
Naam Goom Jayega,Lata Mangeshkar|Bhupinder Singh,Hindi,Regional
Pilichina Palukavu,Ghanatasala|P. Susheela,Telugu,Patriotic
Khaike Paan Banaras Wala,Kishore Kumar,Hindi,Sad
Haavige Mungusiyuntu,Dwarakish|L.R. Eswari|P.B. Sreenivas,Kannada,Inspirational
Thamnnam Thamnam,S. Janaki|P.B. Sreenivas,Kannada,Classical
Ek Ajnabee Haseena Se,Kishore Kumar,Hindi,Folk
Yaavudo Ee Bombe,S. P. Balasubrahmanyam,Kannada,Romantic
Yaava Huvvu Yaara Mudigo,S. P. Balasubrahmanyam,Kannada,Hindi
O Deva Kanaleva,Ghanatasala,Telugu,Kannada
Loote Koi Man Ka Nagar,Lata Mangeshkar|Manhar Udhas,Hindi,Telugu
Rimjhim Gire Sawan,Kishore Kumar,Hindi,Devotional
Ade Neevu,S. P. Balasubrahmanyam,Telugu,Melody
Alli Illi Hudukutha,P. Susheela|S. P. Balasubrahmanyam,Kannada,Happy
Chuttu Pakkala,S P Balasubrahamanyam,Telugu,Dance
Savadatti Yellamma,Dr Mrutyunjaya Swami,Kannada,Trance
Dekha Ek Khwaab,Lata Mangeshkar|Kishore Kumar,Hindi,Bhajan
Aao Na Gale Lag Jao Na,Asha Bhosle,Hindi,Regional
Ee Desha Chenna,P.B. Sreenivas,Kannada,Patriotic
Natarajane,S. P. Sailaja,Telugu,Sad
Ankhiyon Ke Jharokhon Se (Part 3),Hemlata,Hindi,Inspirational
Idi Tholi Rathri,S. P. Balasubrahmanyam,Telugu,Classical
Naliva Gulabi Hoove,S. P. Balasubrahmanyam,Kannada,Folk
Kisi Raah Men Kisi Mod Par,Lata Mangeshkar|Mukesh,Hindi,Romantic
Thakita Thadhimi,S. P. Balasubrahmanyam,Telugu,Hindi
Zindagi Ek Safar Hai Suhana (Male),Kishore Kumar,Hindi,Kannada
Ellidde Illeethanka,S. P. Balasubrahmanyam,Kannada,Telugu
Aajkal Paon Zaamin Par Nahin Padte,Lata Mangeshkar,Hindi,Devotional
Padaharella Vayasu,S. P. Balasubrahmanyam|S. Janaki,Telugu,Melody
Chinnari,S. P. Balasubrahmanyam|S. Janaki,Telugu,Happy
Telusaa Neeku Telusaa,S. P. Balasubrahmanyam|S. Janaki,Telugu,Dance
Dum Dum Diga Diga,Mukesh,Hindi,Trance
Rang Barse Bheege Chunarwali,Amitabh Bachchan,Hindi,Bhajan
Lag Ja Gale Se Phir,Lata Mangeshkar,Hindi,Regional
Neerinalli Alaya Ungura,P.B. Sreenivas|P. Susheela,Kannada,Patriotic
Woh Kagaz Ki Kashti (Part 1),Jagjit Singh,Hindi,Sad
Suniye Kahiye Kahiye,Asha Bhosle|Kishore Kumar,Hindi,Inspirational
Ninna Nanna,Dr. Rajkumar,Kannada,Classical
Changu Chaaka,S. P. Sailaja,Telugu,Folk
Bandalo Bandalo Kanchana,S. P. Balasubrahmanyam|Manjula Gururaj,Kannada,Romantic
Naa Janma Bhoomi Yenthaandhamaina,Ghanatasala,Telugu,Hindi
Koi Yeh Kaise Bataye,Jagjit Singh,Hindi,Kannada
Thata Pata Hanigalu Baaninda,S. P. Balasubrahmanyam|P. Susheela,Kannada,Telugu
Piano Bit,Not Applicable,Kannada,Devotional
Neeve Nanna,S. P. Balasubrahmanyam,Kannada,Melody
Madhura Mojina,L.R. Eswari,Kannada,Happy
Are Emaindhi,S. P. Balasubrahmanyam|S. Janaki,Telugu,Dance
Nee Iralu Jotheyalli,S. Janaki|S. P. Balasubrahmanyam,Kannada,Trance
Haalalladaru - Bit,B.R.Chaya,Kannada,Bhajan
Barasidilu Badithanatha Kadu,Dr. Rajkumar,Kannada,Regional
Hoovu Cheluvella Nandenditu,P. Susheela,Kannada,Patriotic
Manasu Gathi Inthey,Ghanatasala,Telugu,Sad
Om Namah Sivaaya,S. Janaki,Telugu,Inspirational
Kaddu Kaddu Nodu,P.B. Sreenivas,Kannada,Classical
Besuge Besuge,Vani Jairam|S. P. Balasubrahmanyam,Kannada,Folk
Huliya Haalina Mevu,S. P. Balasubrahmanyam|K. S. Chithra,Kannada,Romantic
Idedo Golaga,S. P. Balasubrahmanyam|S. Janaki,Telugu,Hindi
Meri Bheegi Bheegi Si,Kishore Kumar,Hindi,Kannada
Ho Pardesia,Kishore Kumar|Lata Mangeshkar,Hindi,Telugu
Aadaddhu Ondu,P.B. Sreenivas,Kannada,Devotional
Hasiru Gaajina Balegale,Latha Hamsalekha,Kannada,Melody
Ek Main Aur Ek Tu,Asha Bhosle|Kishore Kumar,Hindi,Happy
Kumkumaviruvude Hanegaagi,S. P. Balasubrahmanyam,Kannada,Dance
Aakashave Beelali Mele,P.B. Sreenivas,Kannada,Trance
Ide Ide Jeevitham,S. P. Balasubrahmanyam,Telugu,Bhajan
Lalitha Priya,K. S. Chithra|K J Yesudas,Telugu,Regional
Harivarasanam Sharanam Ayyappa,K J Yesudas,Kannada,Patriotic
Nagunagutha Nee Baruve,S. Janaki|Dr. Rajkumar,Kannada,Sad
Chakkani Chukkala,S. P. Balasubrahmanyam|S. Janaki,Telugu,Inspirational
Sihimuthu,S. Janaki|P.B. Sreenivas,Kannada,Classical
Taanonda Nenedare Maanava,S. P. Balasubrahmanyam,Kannada,Folk
Sa Ri Ga Ma,S. P. Balasubrahmanyam|Latha Hamsalekha,Kannada,Romantic
Kabhi Kabhi Mere Dil Mein (Solo),Mukesh,Hindi,Hindi
Ek Do Teen Char,Alka Yagnik,Hindi,Kannada
Usire Usire,S. P. Balasubrahmanyam,Kannada,Telugu
Snehada Kadalalli,S. P. Balasubrahmanyam,Kannada,Devotional
Aate Jaate Hanste Gaate,Lata Mangeshkar|S. P. Balasubrahmanyam,Hindi,Melody
Yaarivanu Ee Manmathanu,S. Janaki,Kannada,Happy
Naachi Odidhanu Madana,S. Janaki|S. P. Balasubrahmanyam,Kannada,Dance
O Haseena Zulfonwale Jane Jahan,Asha Bhosle|Mohammed Rafi,Hindi,Trance
Balliyondu,P.B. Sreenivas,Kannada,Bhajan
Premavide,S. Janaki,Kannada,Regional
Ee Mounava,Dr. Rajkumar|S. Janaki,Kannada,Patriotic
Manase Vennelaga,Ghanatasala|P. Susheela,Telugu,Sad
Ee Jeevana Tharangalalo,Ghanatasala,Telugu,Inspirational
Om Shanti Om (Meri Umar Ke Naujawano),Kishore Kumar,Hindi,Classical
Beladingalondu Hennaagi Bandanthe,S. P. Balasubrahmanyam,Kannada,Folk
Premavide,S. Janaki,Kannada,Romantic
Sweety Nanna,S. P. Balasubrahmanyam|S. Janaki,Kannada,Hindi
Sande Poddula,S. P. Balasubrahmanyam|S. Janaki,Telugu,Kannada
Raja Rajadhi,S. P. Balasubrahmanyam,Telugu,Telugu
Neenu Hatthira Iddiddare,S. P. Balasubrahmanyam|Vani Jairam,Kannada,Devotional
Kora Kagaz Tha Yeh Man Mera,Kishore Kumar|Lata Mangeshkar,Hindi,Melody
Kanchi Re Kanchi Re,Kishore Kumar|Lata Mangeshkar,Hindi,Happy
Emma Maneyangaladi,S. Janaki,Kannada,Dance
Neela Aasman So Gaya (Female),Lata Mangeshkar,Hindi,Trance
Lekar Hum Diwana Dil,Asha Bhosle|Kishore Kumar,Hindi,Bhajan
Dilbar Mere,Kishore Kumar|Anette,Hindi,Regional
Nee Iralu Jotheyalli,S. Janaki|S. P. Balasubrahmanyam,Kannada,Patriotic
Nee Kokakintha,S. P. Balasubrahmanyam|S. Janaki,Telugu,Sad
Priyathama,S. P. Balasubrahmanyam|K. S. Chithra,Telugu,Inspirational
Hannu Maagidhe,S. Janaki|Dr. Rajkumar,Kannada,Classical
Gaata Rahe Mera Dil,Kishore Kumar|Lata Mangeshkar,Hindi,Folk
O Gelathi,S. P. Balasubrahmanyam|Vani Jairam,Kannada,Romantic
Jaali Jaali Sande Gaali,S. P. Balasubrahmanyam|S. Janaki,Telugu,Hindi
Jagadhedheya Veeneyanu,S. Janaki,Kannada,Kannada
Kottandi Thittandi,S. P. Balasubrahmanyam|K. S. Chithra,Telugu,Telugu
Rojalo Letha Roja,Vani Jairam,Telugu,Devotional
Ye Theega Poovuno,Kamal Haasan|P. Susheela,Telugu,Melody
Poojisilandhe,S. Janaki,Kannada,Happy
Hoovondu,R.N. Sudarshan,Kannada,Dance
Ninna Neenu Maretharenu,S. P. Balasubrahmanyam,Kannada,Trance
Naguva Nayana,S. P. Balasubrahmanyam|S. Janaki,Kannada,Bhajan
Henne Ninna Kannanota,S. Janaki|K J Yesudas,Kannada,Regional
Phoolon Ke Rang Se,Kishore Kumar,Hindi,Patriotic
Aakaasha Deepavu Neenu (Sad),S. Janaki,Kannada,Sad
Aakaasha Deepavu Neenu (Happy),S. Janaki|S. P. Balasubrahmanyam,Kannada,Inspirational
Belli Modada,P.B. Sreenivas|P. Susheela,Kannada,Classical
Raja Nanna Raja - Title Music,G. K. Venkatesh,Kannada,Folk
Ninagaagi Ododi Bande,Dr. Rajkumar,Kannada,Romantic
Naguva Nayana,S. Janaki|S. P. Balasubrahmanyam,Kannada,Hindi
Gangeya Kareyali,S. P. Balasubrahmanyam|Vani Jairam,Kannada,Kannada
Jayathwadabhra,Ghanatasala,Telugu,Telugu
Shokhiyon Mein Ghola Jaye,Kishore Kumar|Lata Mangeshkar,Hindi,Devotional
Kanasinalli,S. Janaki|S. P. Balasubrahmanyam,Kannada,Melody
Naguveya Henne Naanu,Dr. Rajkumar|H P Geetha,Kannada,Happy
Pattu Chera,S. P. Balasubrahmanyam|S. P. Sailaja,Telugu,Dance
Olavina Priyalathe,P.B. Sreenivas,Kannada,Trance
Vidhatha Talapuna,S. P. Balasubrahmanyam|P. Susheela,Telugu,Bhajan
Yeh Dosti Hum Nahin,Kishore Kumar|Manna Dey,Hindi,Regional
Ayyayo Brahmayya,Ghanatasala,Telugu,Patriotic
Nee Meeda,S. P. Balasubrahmanyam|S. Janaki,Telugu,Sad
He Papa,S. P. Balasubrahmanyam|Jojo,Telugu,Inspirational
Chandni O Meri Chandni,Sridevi|Jolly Mukherjee,Hindi,Classical
Preethine Aa Dyavaru Thanda,P.B. Sreenivas|P. Susheela,Kannada,Folk
Beladingalondu Hennaagi Bandanthe,S. P. Balasubrahmanyam,Kannada,Romantic
Theta Theta Telugula,Ghanatasala,Telugu,Hindi
Hum Bewafa Hargiz Na Thay (Happy),Kishore Kumar,Hindi,Kannada
Thellavara Neeku,Ghanatasala|P. Susheela,Telugu,Telugu
O Chandamama,L.R. Eswari,Kannada,Devotional
Meenakshi Ninna Kanna Mele,S. P. Balasubrahmanyam,Kannada,Melody
Adhirindhi Mama,S. P. Balasubrahmanyam|P. Susheela,Telugu,Happy
Bava Bava Banthi Puvva,S. P. Balasubrahmanyam|S. Janaki,Telugu,Dance
Kudiyode Nanna Weaknessu,S. P. Balasubrahmanyam,Kannada,Trance
Notadage Nageya Meeti,S. P. Balasubrahmanyam,Kannada,Bhajan
Sukha Hagalu Irulu,S. Janaki,Kannada,Regional
Chala Jata Hoon,Kishore Kumar,Hindi,Patriotic
Tere Mere Sapne Ab Ek Rang Hai,Mohammed Rafi,Hindi,Sad
Righto Atto Ito,S. P. Balasubrahmanyam|S. Janaki,Telugu,Inspirational
Do Do Do Basavanna,P.B. Sreenivas|L.R. Eswari,Kannada,Classical
O Mere Sona Re Sona,Asha Bhosle|Mohammed Rafi,Hindi,Folk
Ye Samaa Samaa Hai Pyar Ka,Lata Mangeshkar,Hindi,Romantic
Paara Hushar,S. P. Balasubrahmanyam|S. Janaki,Telugu,Hindi
Patallo,P. Susheela|N.S. Prakash Rao,Telugu,Kannada
Likhe Jo Khat Tujhe,Mohammed Rafi,Hindi,Telugu
Jis Gali Mein Tera Ghar,Mukesh,Hindi,Devotional
Jai Jai Shiv Shankar,Kishore Kumar|Lata Mangeshkar,Hindi,Melody
Diwana Hua Badal,Asha Bhosle|Mohammed Rafi,Hindi,Happy
Enendu Naa Helali,Dr. Rajkumar,Kannada,Dance
Malle Maale,L.R. Eswari,Kannada,Trance
Ek Do Theen Chaar,Latha Hamsalekha,Kannada,Bhajan
Sooryana Kaantige,Dr. Rajkumar|Kasturi Shankar,Kannada,Regional
Guttonda Heluve,P.B. Sreenivas,Kannada,Patriotic
Nee Kowgililo,S. Janaki|S. P. Balasubrahmanyam,Telugu,Sad
Chhu Kar Mere Manko,Kishore Kumar,Hindi,Inspirational
Yeh Jo Mohabbat Hai,Kishore Kumar,Hindi,Classical
Enniyalo,S. P. Balasubrahmanyam|K. S. Chithra,Telugu,Folk
Dil Cheez Kya Hai,Asha Bhosle,Hindi,Romantic
Modala Baari,S. P. Balasubrahmanyam|Manjula Gururaj,Kannada,Hindi
Preethisu Sampeeisu,S. Janaki|P.B. Sreenivas,Kannada,Kannada
Mounamela Noyee,S. P. Balasubrahmanyam|S. Janaki,Telugu,Telugu
Kudikannu Kotagaane,S. P. Balasubrahmanyam|P. Susheela,Telugu,Devotional
Nee Andam,S. P. Balasubrahmanyam|K. S. Chithra,Telugu,Melody
Onde Ondu Aaseyu,S. Janaki|S. P. Balasubrahmanyam,Kannada,Happy
Ninna Nanna,Dr. Rajkumar,Kannada,Dance
Naa Ninna Mareyalare,Dr. Rajkumar|Vani Jairam,Kannada,Trance
Ninna Kanda Nanna,S. Janaki|S. P. Balasubrahmanyam,Kannada,Bhajan
Main Shair To Nahin,Shailender Singh,Hindi,Regional
Dhesha Dheshadolage,S. Janaki|S. P. Balasubrahmanyam,Kannada,Patriotic
Maduve Maduve,S. Janaki,Kannada,Sad
Aakasha Baagide,S. P. Balasubrahmanyam,Kannada,Inspirational
Pyar Mujh Se Jo Kiya,Jagjit Singh,Hindi,Classical
Annee Manchi Sakunamule,Ghanatasala|P. Susheela,Telugu,Folk
Saagar Jaisi Aankhonwali,Kishore Kumar,Hindi,Romantic
Vatapatra (Sad),P. Susheela,Telugu,Hindi
Tum Ko Dekha To Yeh Khayal Aaya,Chitra Singh|Jagjit Singh,Hindi,Kannada
Manishi Maara Ledhu,Ghanatasala|P Leela,Telugu,Telugu
Ninna Sandhya Velalo,S. P. Balasubrahmanyam|S. P. Sailaja,Telugu,Devotional
Yaad Aa Raha Hai,Bappi Lahiri,Hindi,Melody
Thirupathi Girivasa,P.B. Sreenivas|P Suhseela|S. Janaki,Kannada,Happy
Naguva Cheluva Mogava,S. P. Balasubrahmanyam|S. Janaki,Kannada,Dance
Yero Nee Yaro,L.R. Eswari,Kannada,Trance
Hoovinda Bareda Katheya,Dr. Rajkumar,Kannada,Bhajan
Tumhari Nazron Mein Humne Dekha,Asha Bhosle|Kumar Sanu,Hindi,Regional
Kari Haidanemboru,B. V. Karanth|G. K. Venkatesh|C Aswath,Kannada,Patriotic
Kandha Oh Nanna Kanda,S. P. Balasubrahmanyam,Kannada,Sad
Main Solah Baras Ki,Kishore Kumar|Lata Mangeshkar,Hindi,Inspirational
Nannaseyaa Hoove,S. Janaki|Dr. Rajkumar,Kannada,Classical
Kurise Verijallule,S. P. Balasubrahmanyam|Vani Jairam,Telugu,Folk
Nenu Puttanu,Ghanatasala,Telugu,Romantic
Nagu Nagutha Nali Nali,P.B. Sreenivas,Kannada,Hindi
Main Pal Do Pal Ka Shair Hoon,Mukesh,Hindi,Kannada
Tum Jo Mil Gaye Ho,Mohammed Rafi|Lata Mangeshkar,Hindi,Telugu
Saagali Guri Serali,S. P. Balasubrahmanyam,Kannada,Devotional
Kabhi Kabhi Mere Dil Mein (Duet),Lata Mangeshkar|Mukesh,Hindi,Melody
Tere Bina Zindagi Se,Kishore Kumar|Lata Mangeshkar,Hindi,Happy
Yeh Tera Ghar Yeh Mera Ghar,Chitra Singh|Jagjit Singh,Hindi,Dance
Ek Pyar Ka Naghma Hai,Lata Mangeshkar|Mukesh,Hindi,Trance
Paramaathma,S. P. Balasubrahmanyam|Ramani,Kannada,Bhajan
Kannadathi Nammodathi,P.B. Sreenivas|P. Susheela,Kannada,Regional
Aaskasam Eenatido,S. Janaki,Telugu,Patriotic
Jeevaneene Needu Midithadha,S. Janaki|S. P. Balasubrahmanyam,Kannada,Sad
Ninnallondu Hosathanava,S. Janaki,Kannada,Inspirational
Tere Mere Beech Mein,Lata Mangeshkar|S. P. Balasubrahmanyam,Hindi,Classical
Olave Jeevana,P.B. Sreenivas|P. Susheela,Kannada,Folk
Ankhon Mein Kajal Hai,Kishore Kumar|Lata Mangeshkar,Hindi,Romantic
Yeno Santhosha,S. Janaki|S. P. Balasubrahmanyam,Kannada,Hindi
Sri Krishna Bandanu,S. P. Balasubrahmanyam,Kannada,Kannada
Janma Metthithira,Ghanatasala,Telugu,Telugu
Apni To Jaise Taise - Dialogue,Kishore Kumar,Hindi,Devotional
Bujji Pelli Kodukki,S. P. Balasubrahmanyam|S. P. Sailaja,Telugu,Melody
Naguvudo Aluvudo,P.B. Sreenivas,Kannada,Happy
Naa Hrudayamlo Nidurinche Cheli,Ghanatasala,Telugu,Dance
Bidenu Ninna Paadha,S. Janaki,Kannada,Trance
Ninna Nanna,Dr. Rajkumar,Kannada,Bhajan
Kum Kuma Iruvudhe,S. P. Balasubrahmanyam,Kannada,Regional
Ye Bata De,Chitra Singh|Jagjit Singh,Hindi,Patriotic
Bangaradha Bombeye,S. Janaki|S. P. Balasubrahmanyam,Kannada,Sad
Belli Modave Yelli Oduve,Vani Jairam|S. P. Balasubrahmanyam,Kannada,Inspirational
O Nallane Savi Mathonda,S. P. Balasubrahmanyam|P. Susheela,Kannada,Classical
Diye Jalte Hai Phool Khilte Hai,Kishore Kumar,Hindi,Folk
Kashmiri Loyalo,S. P. Balasubrahmanyam|S. Janaki,Telugu,Romantic
Kathe Mugiyithe Ellige Payana,P.B. Sreenivas,Kannada,Hindi
O Sukumara Ninugani,Ghanatasala|P Leela,Telugu,Kannada
Tinguranga Chakkanamma,S. P. Balasubrahmanyam|S. Janaki,Telugu,Telugu
Sogasaagide,S. P. Balasubrahmanyam|Vani Jairam,Kannada,Devotional
Premada Haadige,S. Janaki|S. P. Balasubrahmanyam,Kannada,Melody
Ninna Ninna Snehaka,Dr. Rajkumar|P. Susheela,Kannada,Happy
Cheluveya Nota Chenna,Dr. Rajkumar,Kannada,Dance
Vote For Vote For,S. P. Balasubrahmanyam|Manjula Gururaj,Kannada,Trance
Soundarya Thumbidhe,S. Janaki|S. P. Balasubrahmanyam,Kannada,Bhajan
Elluvochchi,S. P. Balasubrahmanyam|P. Susheela,Telugu,Regional
Chalte Chalte,Kishore Kumar,Hindi,Patriotic
Nee Tanda Kaanike,S. Janaki|P.B. Sreenivas,Kannada,Sad
Prakruthi Kanthaku,S. P. Balasubrahmanyam,Telugu,Inspirational
Patti Thechanule,S. Janaki|S. P. Balasubrahmanyam,Telugu,Classical
Guggu Guggu Gudisundi,S. P. Balasubrahmanyam|P. Susheela,Telugu,Folk
Ee Mounam Ee Bidiyam,Ghanatasala|P Suhseela,Telugu,Romantic
Pyar Diwana Hota Hai,Kishore Kumar,Hindi,Hindi
Tune Bechain Itna Ziada Kiya,Mohammad Aziz|Anuradha Paudwal,Hindi,Kannada
Naa Benki Yanthe,Dr. Rajkumar|P.B. Sreenivas,Kannada,Telugu
Aa Navvula Kosam,Ghanatasala|P. Susheela,Telugu,Devotional
Bere Yenu Beda Endigu,Vani Jairam|Dr. Rajkumar,Kannada,Melody
Bachna Ae Hasinon Lo Main Aa Gaya,Kishore Kumar,Hindi,Happy
Raat Baaqi Baat Baaqi,Asha Bhosle|Bappi Lahiri|Shashi Kapoor,Hindi,Dance
Solah Baras Ki Bali Umar,Lata Mangeshkar|Anup Jalota,Hindi,Trance
Pyar Ka Dard Hai,Kishore Kumar|Asha Bhosle,Hindi,Bhajan
Kanne Pillavani,S. Janaki|S. P. Balasubrahmanyam,Telugu,Regional
In Ankhon Ki Masti,Asha Bhosle,Hindi,Patriotic
Aap Ki Ankhon Mein Kuch,Kishore Kumar|Lata Mangeshkar,Hindi,Sad
Pachchadanamey,Hariharan|Clinton Cerejo,Telugu,Inspirational
Hoovinda Hoovige,S. Janaki,Kannada,Classical
Hey Nanagaagiye,S. P. Balasubrahmanyam,Kannada,Folk
Padhi Mandhilo Paata Paadinaa,Ghanatasala,Telugu,Romantic
Gopilola,S. P. Balasubrahmanyam|S. P. Sailaja,Telugu,Hindi
Kallu Kavitheya Haaduvudu,P.B. Sreenivas,Kannada,Kannada
Chaudhvin Ka Chand Ho,Mohammed Rafi,Hindi,Telugu
Sole Illa Ninna Haadu,S. P. Balasubrahmanyam|S. Janaki,Kannada,Devotional
Aaha Aaha Idenu Nade,P.B. Sreenivas,Kannada,Melody
Kottaga,S. P. Balasubrahmanyam|S. Janaki,Telugu,Happy
Yeh Vaada Raha,Asha Bhosle|Kishore Kumar,Hindi,Dance
Kisi Nazar Ko Tera Intezar,Asha Bhosle|Bhupinder Singh,Hindi,Trance
Eke Heegaytho,S. P. Balasubrahmanyam|B.R.Chaya,Kannada,Bhajan
Oh Nindu Chandamama,K J Yesudas,Telugu,Regional
Vela Pala Ledu,S. P. Balasubrahmanyam|S. Janaki,Telugu,Patriotic
Nannu Dochu Kunduvatey,Ghanatasala|P. Susheela,Telugu,Sad
Manzilen Apni Jagah Hai,Kishore Kumar,Hindi,Inspirational
Chengaavi Rangucheera,Ghanatasala|P. Susheela,Telugu,Classical
Thanam Thananam,Vani Jairam|S. P. Balasubrahmanyam,Kannada,Folk
Entha Soundarya Nodu,S. P. Balasubrahmanyam,Kannada,Romantic
Aadhi Bikshuvu,S. P. Balasubrahmanyam,Telugu,Hindi
Prema Lekha,S. P. Balasubrahmanyam|S. Janaki,Telugu,Kannada
Mellage Nade Mellage,P.B. Sreenivas,Kannada,Telugu
Baalayya Baalayya,S. P. Balasubrahmanyam|S. Janaki,Telugu,Devotional
Giniye Nanna,Dr. Rajkumar,Kannada,Melody
Saaru Saaru Miltry Saaru,S. P. Balasubrahmanyam|Latha Hamsalekha,Kannada,Happy
Olave Jeevana (Female),P. Susheela,Kannada,Dance
Baa Baaro Baaro Ranadheera,S. P. Balasubrahmanyam|S. Janaki,Kannada,Trance
Dance Bit,Group Song,Kannada,Bhajan
Isharon Isharon Men Dil Lenewale,Asha Bhosle|Mohammed Rafi,Hindi,Regional
Chhodo Sanam,Kishore Kumar|Annette Pinto,Hindi,Patriotic
Madhumaasa Chandrama,S. Janaki|Vani Jairam,Kannada,Sad
Nee Nadeva Haadiyalli,S. Janaki|P. Susheela,Kannada,Inspirational
Vayaso Namaha,S. P. Balasubrahmanyam|S. Janaki,Telugu,Classical
Naa Ninna Mareyalaare Part 1 - Dialogues,Dr. Rajkumar|Lakshmi|Leelavathi|Manjula Gururaj,Kannada,Folk
Mere Mehboob Qayamat Hogi (Part 1),Kishore Kumar,Hindi,Romantic
I Love You,S. P. Balasubrahmanyam,Kannada,Hindi
Kadaveththu Kochchindhi,Ghanatasala|P. Susheela,Telugu,Kannada
Muddu Muddu - Bit,Manjula Gururaj,Kannada,Telugu
Thallo Model Gaadi Idu,S. P. Balasubrahmanyam,Kannada,Devotional
Tu Is Tarah Se Mere Zindagi Main,Mohammed Rafi,Hindi,Melody
Sree Ramachandra,P.B. Sreenivas,Kannada,Happy
Kokilamma Pelliki,S. P. Balasubrahmanyam|P. Susheela,Telugu,Dance
Aaya Mausam Dosti Ka,Lata Mangeshkar|Usha Mangeshkar|S. P. Balasubrahmanyam|Shailender Singh,Hindi,Trance
Gowri Mogavu,S. P. Balasubrahmanyam,Kannada,Bhajan
Yenendhu Naa Helali,Dr. Rajkumar|Chorus,Kannada,Regional
Kempu Thotadalli,S. P. Balasubrahmanyam|B.R.Chaya|Vani Jairam,Kannada,Patriotic
Hakki Haado,P. Susheela,Kannada,Sad
Nannedhe Kogileya,S. Janaki,Kannada,Inspirational
Chhoti Si Kahani Se,Asha Bhosle,Hindi,Classical
Tum Saath Ho Jab Apne,Asha Bhosle|Kishore Kumar,Hindi,Folk
Yare Koogadali Oore Horaadali,Dr. Rajkumar,Kannada,Romantic
Naa Bayasada Bhagya,P. Susheela|P.B. Sreenivas,Kannada,Hindi
Baaba Endare Aananda,P.B. Sreenivas|Vijayalakshmi Sharma|Chorus,Kannada,Kannada
Mera Kuchh Samaan,Asha Bhosle,Hindi,Telugu
Yaar Ki Khabar Mil Gai,Asha Bhosle|Kishore Kumar,Hindi,Devotional
Ee Chempaku Selaveeyaku,S. P. Balasubrahmanyam|P. Susheela,Telugu,Melody
Digu Digu Bhama Aa Prema,S. P. Balasubrahmanyam|S. Janaki,Telugu,Happy
Ninna Kangala,Dr. Rajkumar,Kannada,Dance
Papa Kehte Hain,Udit Narayan,Hindi,Trance
Evarikosam Evarikosam,Ghanatasala,Telugu,Bhajan
Nille Gowramma,S. P. Balasubrahmanyam|K J Yesudas,Kannada,Regional
Cheluve Ondu Kelthini,S. P. Balasubrahmanyam|S. Janaki,Kannada,Patriotic
Mere Sapnon Ki Rani,Kishore Kumar,Hindi,Sad
Shanthi Om Shanthi Are Khaidi,S. P. Balasubrahmanyam|S. Janaki,Telugu,Inspirational
Maathonda Heluve,S. Janaki|S. P. Balasubrahmanyam,Kannada,Classical
Chendina Baale,S. P. Balasubrahmanyam|S. Janaki,Kannada,Folk
Ve Vela Gopemmala,S. P. Balasubrahmanyam|S. P. Sailaja,Telugu,Romantic
Manchu Kurise,S. P. Balasubrahmanyam|S. Janaki,Telugu,Hindi
Matthu Vadalaraa,Ghanatasala,Telugu,Kannada
Bathroominalli,Vani Jairam,Kannada,Telugu
Naachike Inneke,S. Janaki|S. P. Balasubrahmanyam,Kannada,Devotional
Balakankamaya,S. Janaki,Telugu,Melody
Doddavarella Jaanaralla,S. P. Balasubrahmanyam,Kannada,Happy
Nooru Kannu Saladu,P.B. Sreenivas|S. P. Balasubrahmanyam,Kannada,Dance
Utthara Dhruvadim,P.B. Sreenivas|P. Susheela,Kannada,Trance
Sinne Sinne Korikaladaga,S. Janaki,Telugu,Bhajan
E Ko E Kopa Shankara,S. Janaki,Kannada,Regional
Chinna Nanna Ninna,K J Yesudas,Kannada,Patriotic
Jai Sri Shirdi,V.Rama Krishna,Telugu,Sad
Are Jane Kaise Kab Kahan Iqrar,Kishore Kumar|Lata Mangeshkar,Hindi,Inspirational
Gazab Ka Hai Din,Udit Narayan|Alka Yagnik,Hindi,Classical
Aa Devudela Vuntaadani,Ghanatasala|P. Susheela,Telugu,Folk
Dumdum Dol,S. P. Balasubrahmanyam,Kannada,Romantic
Moogana Kaadidarenu,Dr. Rajkumar,Kannada,Hindi
Yaru Neenu,Kousalya|Dr. Rajkumar,Kannada,Kannada
Nagu Endhidhe,S. Janaki,Kannada,Telugu
Uthe Sabke Kadam Dekho Ram Pam Pam,Amit Kumar|Lata Mangeshkar|Pearl Padamse,Hindi,Devotional
Thanuvu Manavu,S. Janaki|Dr. Rajkumar,Kannada,Melody
Puta Puta Hejjeittu,S. Janaki,Kannada,Happy
Sankara Nada Sareera,S. P. Balasubrahmanyam,Telugu,Dance
Jab Hum Jawan Honge,Lata Mangeshkar|Shabbir Kumar,Hindi,Trance
Kannu Kannu,S. Janaki|S. P. Balasubrahmanyam,Kannada,Bhajan
Premalokadinda Banda,Hamsalekha Orchestra,Kannada,Regional
Main Zindagi Ka Saath Nibhata Chala Gaya,Mohammed Rafi,Hindi,Patriotic
Oh Hansini,Kishore Kumar,Hindi,Sad
Jeeva Veene,S. Janaki|S. P. Balasubrahmanyam,Kannada,Inspirational
Koluvye Unnade,S. P. Balasubrahmanyam|P. Susheela,Telugu,Classical
O Chaminthi Emite,Ghanatasala|P Suhseela,Telugu,Folk
Preethiyinda,S. P. Balasubrahmanyam|B.R.Chaya|Manjula Gururaj,Kannada,Romantic
Tere Chehre Se Nazar Nahin,Kishore Kumar|Lata Mangeshkar,Hindi,Hindi
Aa Mabbu Theralalona (Happy),Ghanatasala|P. Susheela,Telugu,Kannada
Mella Mella Mellaga,Ghanatasala|P. Susheela,Telugu,Telugu
Alle Nillu,S. Janaki|P.B. Sreenivas,Kannada,Devotional
Na Jane Kyon Hota Hai,Lata Mangeshkar,Hindi,Melody
Nidireyu Sadaa Eko Doora,P.B. Sreenivas|P. Susheela|S. P. Balasubrahmanyam,Kannada,Happy
Banti Chamanti,S. P. Balasubrahmanyam|S. Janaki,Telugu,Dance
Ice Cream Ice Cream,P.B. Sreenivas,Kannada,Trance
Yeh Sham Mastani,Kishore Kumar,Hindi,Bhajan
Geethanjali Pushpanjali,S. P. Balasubrahmanyam|K. S. Chithra,Kannada,Regional
Andam Sharanam,S. P. Balasubrahmanyam|P. Susheela,Telugu,Patriotic
Janu Meri Jaan,Asha Bhosle|Kishore Kumar|Mohammed Rafi|Usha Mangeshkar,Hindi,Sad
Daari Choopina,K J Yesudas,Telugu,Inspirational
Gulabi Ankhen,Mohammed Rafi,Hindi,Classical
Aaja Sham Hone Aayee,Lata Mangeshkar|S. P. Balasubrahmanyam,Hindi,Folk
Beladingalaagi Baa,Dr. Rajkumar,Kannada,Romantic
Naanu Yaaru Yaava Vooru,S. P. Balasubrahmanyam,Kannada,Hindi
Shiva Poojaku,S. P. Balasubrahmanyam|P. Susheela,Telugu,Kannada
Idu Nanna Ninna Prema Geethe,S. P. Balasubrahmanyam|S. Janaki,Kannada,Telugu
Nade Nade,P.B. Sreenivas,Kannada,Devotional
Kanne Pilla Vediki,Mano|S. Janaki,Telugu,Melody
Ivvu Ivvu,S. P. Balasubrahmanyam|K. S. Chithra,Telugu,Happy
Badan Pe Sitare Lapete Huye,Mohammed Rafi,Hindi,Dance
Aakasamlo,S. Janaki,Telugu,Trance
Doorada Oorininda,S. P. Balasubrahmanyam|Manjula Gururaj,Kannada,Bhajan
Ye Navade Teramo,K J Yesudas,Telugu,Regional
Ni Charanam Kamalam,S. P. Balasubrahmanyam|S. Janaki,Telugu,Patriotic
Ve Vela Varnala,S. P. Balasubrahmanyam,Telugu,Sad
Kaamalada Hoovinda,P.B. Sreenivas,Kannada,Inspirational
Ehsan Tera Hoga Mujh Par,Mohammed Rafi,Hindi,Classical
Nee Modalu Modalu,S. P. Balasubrahmanyam|Bangalore Latha,Kannada,Folk
Eduta Neeve,S. P. Balasubrahmanyam,Telugu,Romantic
Namo Bhoothanatha,Ghanatasala|P Leela,Kannada,Hindi
Ye Jawani Hai Diwani,Kishore Kumar,Hindi,Kannada
Mysorinalli Mallige Hoovu,S. P. Balasubrahmanyam,Kannada,Telugu
Chalti Ka Naam,S. P. Balasubrahmanyam|K. S. Chithra,Telugu,Devotional
Aadisinodu Beelisinodu,P.B. Sreenivas,Kannada,Melody
Aadisidaatha Besara Moodi,G.K.Venkatesh,Kannada,Happy
Benkiyalli Thampu Kandenu,S. P. Balasubrahmanyam|S. Janaki,Kannada,Dance
Cheluvanarasa Baaro,S. Janaki,Kannada,Trance
Idu Maayabajaaru,S. P. Balasubrahmanyam|K. S. Chithra,Kannada,Bhajan
Aaj Kahin Na Ja,Kishore Kumar|Lata Mangeshkar,Hindi,Regional
Nanna Aase Hannage,S. Janaki|S. P. Balasubrahmanyam,Kannada,Patriotic
Nenoka Prama Pipaasini,S. P. Balasubrahmanyam,Telugu,Sad
Karaneri Banda,P.B. Sreenivas,Kannada,Inspirational
Mugiletha Oduthide,P Suhseela|S. P. Balasubrahmanyam,Kannada,Classical
Padhaahaarellaku,S. Janaki,Telugu,Folk
Karnataka,Group Song,Kannada,Romantic
Cheppalani Vundhi,Ghanatasala|P. Susheela,Telugu,Hindi
Aakasamlo Oka Tara,Rajeethram|P. Susheela,Telugu,Kannada
Kokamma Cheppamma,S. P. Balasubrahmanyam|S. Janaki,Telugu,Telugu
Modalane Dhinave,S. Janaki|S. P. Balasubrahmanyam,Kannada,Devotional
Ooduva Nadhi Sagarava,P.B. Sreenivas|P. Susheela,Kannada,Melody
Chalte Chalte Yun Hi Koi,Lata Mangeshkar,Hindi,Happy
Is Mod Se Jate Hain (Duet),Kishore Kumar|Lata Mangeshkar,Hindi,Dance
Agar Tum Mil Jao,Shreya Ghoshal,Hindi,Trance
Ek Hasina Thi Ek Diwana Tha,Asha Bhosle|Kishore Kumar|Rishi Kapoor,Hindi,Bhajan
Kannalli Neenu,S. Janaki|S. P. Balasubrahmanyam,Kannada,Regional
Manishiko Sneham,S. P. Balasubrahmanyam|S. Janaki,Telugu,Patriotic
Vatapatra (Happy),P. Susheela,Telugu,Sad
Naa Ninna Mareyalaare,S. Janaki|Dr. Rajkumar,Kannada,Inspirational
Ninnantha Appa Illa,Dr. Rajkumar|B.R.Chaya,Kannada,Classical
Ya Ali,Zubeen Garg,Hindi,Folk
Baare Baare Nannavale,S. Janaki|S. P. Balasubrahmanyam,Kannada,Romantic
Nagu Nagutha Nali,Jagadesh|Venu,Kannada,Hindi
Cheluvada Muddaada,P.B. Sreenivas|P. Susheela,Kannada,Kannada
Taralirada,S P Balasubrahamanyam,Telugu,Telugu
Hadinalku Varusha,P. Susheela,Kannada,Devotional
Do Lafzon Ki Hai Dil Ki Kahani (Duet),Amitabh Bachchan|Asha Bhosle|Sharad Kumar,Hindi,Melody
Ravivarmana Kunchada Kale Bale,S. Janaki|P.B. Sreenivas,Kannada,Happy
Mere Pyar Ki Umar Ho Itnee Sanam,Manmohan Singh|Lata Mangeshkar,Hindi,Dance
Phoolon Ke Rang Se,Kishore Kumar,Hindi,Trance
Mujhe Naulakha Mangawa De Re,Asha Bhosle|Kishore Kumar,Hindi,Bhajan
Kajaraho,S. P. Balasubrahmanyam|K. S. Chithra,Telugu,Regional
Mama Chandamama,S. P. Balasubrahmanyam,Telugu,Patriotic
Khoya Khoya Chand Khula Aasman,Mohammed Rafi,Hindi,Sad
Yaaru Thiliyaru Ninna,Dr. Rajkumar|P.B. Sreenivas,Kannada,Inspirational
O Papa Lali,S. P. Balasubrahmanyam,Telugu,Classical
Manade Munidhe,S. Janaki|P.B. Sreenivas,Kannada,Folk
Kannada Naadina Veeraramaniya,P.B. Sreenivas,Kannada,Romantic
Chali Gali Kottindamma,S. P. Balasubrahmanyam|S. Janaki,Telugu,Hindi
Hamen Tumse Pyar Kitna,Kishore Kumar,Hindi,Kannada
Sole Illa Ninna Haadu (Bit),S. P. Balasubrahmanyam,Kannada,Telugu
Rangulalo,S. P. Balasubrahmanyam|S. Janaki,Telugu,Devotional
Andam Hindolam,S. P. Balasubrahmanyam|P. Susheela,Telugu,Melody
Mera Jeevan Kora Kagaz,Kishore Kumar,Hindi,Happy
Nesara Nodu,Sulochana,Kannada,Dance
Dil Dhundta Hai,Bhupinder Singh|Lata Mangeshkar,Hindi,Trance
Suno Kaho Suna,Kishore Kumar|Lata Mangeshkar,Hindi,Bhajan
Aadhi Lakshmi Devige,Kadri Gopalnath,Kannada,Regional
Idhe Daiva Mahima,Ghanatasala,Telugu,Patriotic
Tungaa Teera Vihari,Kasturi Shankar,Kannada,Sad
Om Shanthi Om,S. P. Balasubrahmanyam,Telugu,Inspirational
Sawan Ka Mahina,Lata Mangeshkar|Mukesh,Hindi,Classical
O Meri Soni Meri Tamanna,Asha Bhosle|Kishore Kumar,Hindi,Folk
Baani Gondu Elle,Dr. Rajkumar,Kannada,Romantic
Aadabeku Karate Aadabeku,S. P. Balasubrahmanyam,Kannada,Hindi
Preethi Maadabaaradu,S. P. Balasubrahmanyam|S. Janaki,Kannada,Kannada
Rang Barse Bheege Chunarwali,Amitabh Bachchan,Hindi,Telugu
Chup Gaye Sare Nazare,Lata Mangeshkar|Mohammed Rafi,Hindi,Devotional
Kannu Kannu,S. Janaki|S. P. Balasubrahmanyam,Kannada,Melody
Nagu Endhidhe,S. Janaki,Kannada,Happy
Neeli Meghaalalo (Male),Ghanatasala,Telugu,Dance
Apni To Jaise Taise,Kishore Kumar,Hindi,Trance
Dard-E-Dil Dard-E-Jigar,Mohammed Rafi,Hindi,Bhajan
Tujhse Naraz Nahin Zindagi,Lata Mangeshkar|Gulzar,Hindi,Regional
Rangeela Re,Lata Mangeshkar,Hindi,Patriotic
Yuga Ugaadi Kaledaro,S. Janaki,Kannada,Sad
Kele Kele Nanna Kathe Heluve,Rathnakar|P.B. Sreenivas,Kannada,Inspirational
Teri Bindiya Re,Lata Mangeshkar|Mohammed Rafi,Hindi,Classical
Urakalya Godavari,S. P. Balasubrahmanyam|S. Janaki,Telugu,Folk
Notadage Nageya Meeti,S. P. Balasubrahmanyam,Kannada,Romantic
Thai Thai Bangari,Dr. Rajkumar,Kannada,Hindi
Jaya Jaya,S. Janaki,Telugu,Kannada
Aase Heluvase,Dr. Rajkumar|P Suhseela|S. Janaki,Kannada,Telugu
Silli Hawa Chhoo Gai,Lata Mangeshkar,Hindi,Devotional
Phoolon Ka Taron Ka (Part 2),Kishore Kumar,Hindi,Melody
Endu Ninna Noduve,P.B. Sreenivas,Kannada,Happy
Neeve Amaraswarame,S. P. Balasubrahmanyam|K. S. Chithra,Telugu,Dance
Omkara Nadanu,S. P. Balasubrahmanyam|S. Janaki,Telugu,Trance
Golimaar,S. P. Balasubrahmanyam|S. Janaki,Telugu,Bhajan
Ramana Bhanta,Mano|Manjula Gururaj,Kannada,Regional
Ee Gaali Ee Vela,S. P. Balasubrahmanyam|P. Susheela,Telugu,Patriotic
Zindagi Kaisi Hai Paheli,Manna Dey,Hindi,Sad
Ninna Kannugalu,S. P. Balasubrahmanyam|Vani Jairam,Kannada,Inspirational
Mussanjeli,Manjula Gururaj,Kannada,Classical
Notadage Nageya Meeti - Sad,S. P. Balasubrahmanyam,Kannada,Folk
Zindagi Ke Safar Mein,Kishore Kumar,Hindi,Romantic
Bahusha Ninu,S. P. Balasubrahmanyam|P. Susheela,Telugu,Hindi
Tirchi Topiwale (Part-1),Amit Kumar|Sapna Mukherjee,Hindi,Kannada
Kousalya Supraja Rama - Psusheela,P. Susheela,Kannada,Telugu
Ekantha Vela,S. P. Balasubrahmanyam|S. Janaki,Telugu,Devotional
Ye Ladka Hay Allah Kaisa Hai Diwana,Asha Bhosle|Mohammed Rafi,Hindi,Melody
Polimeradhatipothunna,S. P. Balasubrahmanyam|B. Vasantha,Telugu,Happy
Ankhon Men Humne Aapke Sapne (Duet),Kishore Kumar|Lata Mangeshkar,Hindi,Dance
Mallelu Kurisina Challani,Ghanatasala|S. Janaki,Telugu,Trance
Karvaten Badalte Rahe,Kishore Kumar|Lata Mangeshkar,Hindi,Bhajan
Roop Tera Mastana,Kishore Kumar,Hindi,Regional
Angaanga Veeraangame,S. P. Balasubrahmanyam|P. Susheela,Telugu,Patriotic
Cycle Mele Banda,S. Janaki|L.R. Eswari,Kannada,Sad
Kotaloni Monagada,Ghanatasala|P. Susheela,Telugu,Inspirational
Maathonda,S. P. Balasubrahmanyam|S. Janaki,Kannada,Classical
Pal Bhar Ke Liye,Kishore Kumar|Usha Khanna,Hindi,Folk
O Rani,S. P. Balasubrahmanyam,Telugu,Romantic
Odi Odi Odi,S. Janaki,Kannada,Hindi
Alli Illi Hudukutha,S. P. Balasubrahmanyam|P. Susheela,Kannada,Kannada
Nenoka Sindhu,P. Susheela,Telugu,Telugu
Tu Hi Meri Shab Hai,K.K.,Hindi,Devotional
Hosa Baalu,S. Janaki,Kannada,Melody
Muthinantha Mathondu,Dr. Rajkumar,Kannada,Happy
Mehbooba Mehbooba,R. D. Burman,Hindi,Dance
Na Jiya Lage Na,Lata Mangeshkar,Hindi,Trance
Kya Khoob Lagti Ho,Kanchan|Mukesh,Hindi,Bhajan
Bhagavantha Kaikotta,P.B. Sreenivas,Kannada,Regional
Swathi Muthyapu,S. P. Balasubrahmanyam|S. Janaki,Telugu,Patriotic
Bisi Bisi Kajjaya,Dr. Rajkumar,Kannada,Sad
Nannallu Ninnallu,S. Janaki|S. P. Balasubrahmanyam,Kannada,Inspirational
Neeli Baanalli,B.R.Chaya,Kannada,Classical
Gali Gali Mein,Manhar Udhas|Alka Yagnik,Hindi,Folk
Lali Jo Lali Jo,S. P. Balasubrahmanyam,Telugu,Romantic
Minneti Sooreedu,S. P. Balasubrahmanyam|Vani Jairam,Telugu,Hindi
Mounave Abharana,P.B. Sreenivas,Kannada,Kannada
Chakravarthiki Veedi,S. P. Balasubrahmanyam,Telugu,Telugu
Oh Bata Saari,S. P. Balasubrahmanyam,Telugu,Devotional
Helale Naa Ninagige,S. P. Balasubrahmanyam,Kannada,Melody
Ammamma,S. Janaki,Kannada,Happy
Gun Guna Rahe Hai Bhanvare,Asha Bhosle|Mohammed Rafi,Hindi,Dance
Muttina Hanigalu,S. P. Balasubrahmanyam|S. Janaki,Kannada,Trance
Sangeethave,S. P. Balasubrahmanyam,Kannada,Bhajan
Jo Jo Laali Naa Haaduve,K J Yesudas,Kannada,Regional
Om Shanthi,Hemachandra|Harshika,Telugu,Patriotic
Chukkalle Thochave,K J Yesudas,Telugu,Sad
Savira Mathugalethake,S. Janaki|S. P. Balasubrahmanyam,Kannada,Inspirational
Kehdoon Tumhen,Asha Bhosle|Kishore Kumar,Hindi,Classical
Kya Ghazab Karte Ho Ji,Asha Bhosle,Hindi,Folk
Yeno Kurudu - Instrumental Tunes - Hrudaya Sangama,Paavalar Brothers,Kannada,Romantic
Yeh Dil Na Hota Bechara,Kishore Kumar,Hindi,Hindi
Arerere Entha Gandige,Kasturi Shankar|Mahesh|P.B. Sreenivas|L.R. Anjali,Kannada,Kannada
Yeh Naina Yeh Kaajal,Kishore Kumar,Hindi,Telugu
Savadatti Puravaasi,Dr Mrutyunjaya Swami,Kannada,Devotional
Saagali Guri Serali,S. P. Balasubrahmanyam,Kannada,Melody
Thera Yeri Ambaradaage,S. P. Balasubrahmanyam,Kannada,Happy
Neethone,K J Yesudas,Telugu,Dance
Ragala Pallakilo,P. Susheela|S. P. Balasubrahmanyam,Telugu,Trance
Khamosh Sa Afsana,Lata Mangeshkar|Suresh Wadkar,Hindi,Bhajan
Humko Tumse Ho Gaya Hai Pyar,Kishore Kumar|Lata Mangeshkar|Mohammed Rafi|Mukesh,Hindi,Regional
Yentha Yadigipoyavayya,S. P. Balasubrahmanyam,Telugu,Patriotic
Gelathi Nanna Gelathi,S. P. Balasubrahmanyam|Vani Jairam,Kannada,Sad
Naguva Nayana,S. P. Balasubrahmanyam|S. Janaki,Kannada,Inspirational
Meri Sanson Mein,Udit Narayan,Hindi,Classical
Gowramma Ninna Ganda,S. P. Balasubrahmanyam|S. Janaki,Kannada,Folk
Bahon Mein Chale Aao,Lata Mangeshkar,Hindi,Romantic
Chand Mera Dil Chandni Ho Tum,Mohammed Rafi,Hindi,Hindi
Yeh Reshmi Zulfen,Mohammed Rafi,Hindi,Kannada
No No Natyamida,S. P. Balasubrahmanyam|P. Susheela,Telugu,Telugu
Ee Binka Bidu,S. Janaki|S. P. Balasubrahmanyam,Kannada,Devotional
Ae Ri Pawan,Lata Mangeshkar,Hindi,Melody
Bheegi Bheegi Raaton Mein,Kishore Kumar|Lata Mangeshkar,Hindi,Happy
Mere Dil Mein Aaj Kya Hai,Kishore Kumar,Hindi,Dance
Kya Hua Tera Vada,Mohammed Rafi|Sushma Shrestha,Hindi,Trance
Naguva Nayana,S. P. Balasubrahmanyam|S. Janaki,Kannada,Bhajan
Mosagaarana,S. P. Balasubrahmanyam,Kannada,Regional
Gundelo Thaketa,S. P. Balasubrahmanyam|K. S. Chithra,Telugu,Patriotic
Regutunna Dhoka,S. P. Balasubrahmanyam,Telugu,Sad
Nagu Endhidhe,S. Janaki,Kannada,Inspirational
Hrudayadali Idenidhu,Dr. Rajkumar|Manjula Gururaj,Kannada,Classical
Pal Pal Dil Ke Paas,Kishore Kumar,Hindi,Folk
Bedaginarasi Baare,S. P. Balasubrahmanyam|S. Janaki,Kannada,Romantic
Vedam Anuvanuvuna,S. P. Balasubrahmanyam|S. P. Sailaja,Telugu,Hindi
Tumse Milkar Na Jane,Lata Mangeshkar|Shabbir Kumar,Hindi,Kannada
Malenaada Henna,S. Janaki|P.B. Sreenivas,Kannada,Telugu
Nannu Bilachithiva,B. Vasantha|Chorus,Telugu,Devotional
Naguva Ninna Mogava Chenna,S. P. Balasubrahmanyam|P. Susheela,Kannada,Melody
